Date/Time (UTC),Ship Call Sign,Latitude (°N),Longitude (°W),Wind Direction/Speed (kt),Pressure (mb)
19/0600,C6FM9,12.5,62.6,290/36,1015.3
23/1900,C6VV8,23.1,74.6,270/35,1007.6
23/2100,C6VV8,23.6,74.5,270/40,1007.6
25/0900,H3VU,36.1,75.3,050/36,1014.7
25/1400,C6VV8,33.5,76.4,050/45,1008.7
25/1600,C6VV8,33.9,76.1,050/40,1008.7
25/1800,9V9290,33.9,76.4,020/35,1011
25/1800,C6VV8,34.3,75.7,020/35,1010.6
25/2200,C6VV8,35.5,74.8,050/35,1011.6
26/1200,ELQQ4,33.9,76.6,330/35,1003
27/0600,WMCS,33.7,67.8,150/38,1010.2
27/0900,WMCS,33.1,68.4,160/38,1009
27/1800,V7SX3,37.4,69.8,140/40,1002.9
29/0200,ZCEK6,43.4,64.3,340/35,1003.4
29/0600,PBIG,40.9,70.9,010/35,1012
29/0600,ZCDM6,43.6,64.6,330/36,1005.8
29/0800,ZCEK6,41.9,66.0,350/40,1008
29/1700,VRGP2,35.8,60.1,210/55,1014
