Date/Time (UTC),Action,Location
16/1500,Tropical Storm Watch issued,St. Lucia
16/1500,Tropical Storm Watch issued,Martinique
16/1500,Tropical Storm Watch issued,Guadeloupe
16/1500,Tropical Storm Watch issued,Dominica
16/1800,Tropical Storm Watch issued,Barbados
16/1800,Tropical Storm Watch issued,St. Vincent/Grenadines
16/2100,Hurricane Watch issued,"Antigua/Barbuda/St. Kitts/Nevis/Montserrat"
17/0000,Tropical Storm Watch changed to Hurricane Watch,Guadeloupe
17/0300,Hurricane Watch issued,Saba/St. Eustatius
17/0300,Hurricane Watch issued,St. Maarten
17/0300,Hurricane Watch issued,Anguilla
17/0900,Tropical Storm Watch changed to Hurricane Watch,Dominica
17/1200,Hurricane Watch issued,St. Martin/St. Barthelemy
17/1500,Tropical Storm Watch changed to Tropical Storm Warning,St. Lucia
17/1500,Hurricane Watch changed to Hurricane Warning,Dominica
17/1800,Tropical Storm Watch changed to Tropical Storm Warning,Martinique
17/1800,Hurricane Watch changed to Hurricane Warning,Guadeloupe
17/2100,Tropical Storm Warning issued,Antigua/Barbuda
17/2100,Tropical Storm Warning issued,Saba/St. Eustatius
17/2100,Hurricane Watch discontinued,"Antigua/Barbuda/St. Kitts/Nevis/Montserrat"
17/2100,Hurricane Watch issued,U.S. Virgin Islands
17/2100,Hurricane Watch issued,British Virgin Islands
17/2100,Hurricane Warning issued,St. Kitts/Nevis/Montserrat
18/0000,Tropical Storm Warning changed to Hurricane Warning,Martinique
18/0900,Hurricane Watch issued,"Puerto Rico/Vieques/Culebra"
18/1200,Tropical Storm Warning changed to Hurricane Warning,St. Lucia
18/1200,Tropical Storm Warning issued,St. Maarten
18/1500,Hurricane Watch changed to Hurricane Warning,U.S. Virgin Islands
18/1500,Hurricane Watch changed to Hurricane Warning,British Virgin Islands
18/1500,Tropical Storm Warning issued,Anguilla
18/1800,Tropical Storm Watch discontinued,Barbados
18/2100,Hurricane Watch changed to Hurricane Warning,"Puerto Rico/Vieques/Culebra"
18/2100,Hurricane Warning changed to Tropical Storm Warning,St. Lucia
18/2100,Tropical Storm Watch issued,"Puerto Plata to Northern DR/Haiti Border, Dominican Republic"
18/2100,Hurricane Watch issued,"Isla Saona to Puerto Plata, Dominican Republic"
19/0000,Hurricane Warning changed to Tropical Storm Warning,Martinique
19/1200,Tropical Storm Watch discontinued,St. Vincent/Grenadines
19/1200,Tropical Storm Warning discontinued,St. Lucia
19/1800,Tropical Storm Watch changed to Tropical Storm Warning,"Puerto Plata to Northern DR/Haiti Border, Dominican Republic"
19/1800,Hurricane Warning changed to Tropical Storm Warning,Guadeloupe
19/1800,Tropical Storm Warning discontinued,Martinique
19/1800,Tropical Storm Warning issued,"Cabo Engano to Punta Palenque, Dominican Republic"
19/1800,Hurricane Watch modified to,"Isla Saona to Cabo Engano, Dominican Republic"
19/1800,Hurricane Warning issued,"Cabo Engano to Puerto Plata, Dominican Republic"
19/2100,Tropical Storm Warning discontinued,Antigua/Barbuda
19/2100,Hurricane Watch issued,"Turks and Caicos Islands/Southeastern Bahamas"
19/2100,Hurricane Warning discontinued,Dominica
20/0000,Tropical Storm Warning discontinued,Anguilla
20/0000,Hurricane Watch discontinued,Anguilla
20/0000,Hurricane Warning discontinued,St. Kitts/Nevis/Montserrat
20/0600,Tropical Storm Warning changed to Hurricane Watch,Saba/St. Eustatius
20/0600,Tropical Storm Warning issued,Saba
20/0900,Hurricane Watch changed to Hurricane Warning,"Turks and Caicos Islands/Southeastern Bahamas"
20/0900,Tropical Storm Warning discontinued,Guadeloupe
20/0900,Hurricane Watch discontinued,Saba/St. Eustatius
20/1200,Hurricane Watch changed to Tropical Storm Warning,St. Martin/St. Barthelemy
20/1500,Tropical Storm Warning discontinued,Saba
20/1500,Tropical Storm Warning discontinued,St. Maarten
20/1500,Tropical Storm Warning discontinued,St. Martin/St. Barthelemy
20/1500,Hurricane Watch discontinued,St. Maarten
20/2100,Hurricane Warning discontinued,U.S. Virgin Islands
20/2100,Hurricane Warning discontinued,British Virgin Islands
21/0300,Hurricane Warning discontinued,"Puerto Rico/Vieques/Culebra"
21/1200,Tropical Storm Watch issued,Central Bahamas
21/1500,Tropical Storm Warning modified to,"Cabo Engano to Andres/Boca Chica, Dominican Republic"
21/1500,Hurricane Watch discontinued,All
21/2100,Tropical Storm Warning discontinued,"Cabo Engano to Andres/Boca Chica, Dominican Republic"
22/1200,Tropical Storm Watch changed to Tropical Storm Warning,Central Bahamas
22/1500,Tropical Storm Warning discontinued,"Puerto Plata to Northern DR/Haiti Border, Dominican Republic"
22/1500,Hurricane Warning discontinued,"Cabo Engano to Puerto Plata, Dominican Republic"
22/2100,Hurricane Warning changed to Tropical Storm Warning,"Turks and Caicos Islands/Southeastern Bahamas"
23/0900,Tropical Storm Warning discontinued,All
24/2100,Tropical Storm Watch issued,"Surf City to North Carolina/Virginia Border"
24/2100,Tropical Storm Watch issued,Pamlico Sound
24/2100,Tropical Storm Watch issued,Albemarle Sound
25/0900,Tropical Storm Watch changed to Tropical Storm Warning,Pamlico Sound
25/0900,Tropical Storm Watch changed to Tropical Storm Warning,Albemarle Sound
25/0900,Tropical Storm Watch modified to,Duck to North Carolina/Virginia Border
25/0900,Tropical Storm Warning issued,Cape Lookout to Duck
25/2100,Tropical Storm Watch discontinued,All
25/2100,Tropical Storm Warning discontinued,Cape Lookout to Duck
25/2100,Tropical Storm Warning issued,"Bogue Inlet to North Carolina/Virginia Border"
27/1500,Tropical Storm Warning modified to,"Ocracoke Inlet to North Carolina/Virginia Border"
27/2100,Tropical Storm Warning modified to,"Cape Hatteras to North Carolina/Virginia Border"
28/0000,Tropical Storm Warning discontinued,All
