Model ID,Forecast Period 12h,Forecast Period 24h,Forecast Period 36h,Forecast Period 48h,Forecast Period 72h,Forecast Period 96h,Forecast Period 120h
OFCL,12.6,19.5,24.6,33.9,54.3,85.1,126.6
OCD5,28.8,69.1,107.6,135.1,163.6,210.7,220.2
GFSI,15.2,24.2,30.8,35.4,47.8,95.6,130.5
HWFI,21.0,35.2,44.9,43.7,55.9,97.5,163.4
HMNI,18.4,30.1,37.3,44.1,61.4,81.4,107.6
EGRI,15.4,28.9,41.7,54.8,73.7,102.1,134.8
EMXI,12.4,20.7,28.2,42.1,84.3,138.1,177.8
CMCI,15.3,25.7,37.2,46.9,58.9,100.4,174.6
CTCI,15.8,27.7,39.1,49.9,81.5,119.4,157.6
TCON,14.9,25.0,33.0,38.3,49.3,79.0,99.0
TVCA,13.5,21.9,29.0,35.8,54.3,81.3,106.2
TVCX,12.7,20.8,28.4,35.3,57.6,85.3,112.6
GFEX,12.5,20.1,25.7,33.1,58.3,94.3,135.9
HCCA,12.2,20.9,28.1,35.0,58.1,84.7,107.0
FSSE,14.5,23.0,30.8,36.7,62.6,84.7,111.9
AEMI,15.7,24.1,31.5,35.9,51.9,108.2,152.4
TABS,36.0,53.5,50.6,61.5,62.5,95.6,144.0
TABM,20.4,39.7,50.6,42.2,62.8,119.4,137.9
TABD,20.4,39.7,50.6,42.2,62.8,119.4,137.9
Number of Forecasts,47,45,43,41,38,37,33
